Easting,Northing,Heading,Speed
671850.3237218494,3529970.500682672,0.0,0.0
